hafta_baslangic,hafta_bitis,kaynak,hoca,kayit,cevapsiz,mr_yok,mr_istenen,mr_isteme_orani
2026-08-02,2026-08-08,Murat Hoca WP,Murat,1900,20,169,704,0.3705
2026-08-02,2026-08-08,Murat Hoca Meta Form,Murat,1653,33,144,503,0.3043
2026-08-02,2026-08-08,Murat Hoca Dış Arama,Murat,315,3,10,209,0.6635
2026-08-02,2026-08-08,Aycan Hoca WP,Aycan,148,0,6,52,0.3514
2026-08-02,2026-08-08,Aycan Hoca Dış Arama,Aycan,21,0,0,14,0.6667
2026-08-02,2026-08-08,Aycan Hoca Facebook,Aycan,2,0,1,0,0.0
2026-08-02,2026-08-08,Aycan Hoca Metaform,Aycan,130,7,3,43,0.3308
2026-08-02,2026-08-08,Aycan Hoca WEB Form,Aycan,8,0,1,5,0.625
2026-08-02,2026-08-08,Cevdet Hoca WP,Cevdet,2,0,0,2,1.0
2026-08-02,2026-08-08,Cevdet Hoca Dış Arama,Cevdet,20,0,0,12,0.6
2026-08-02,2026-08-08,Cevdet Hoca Facebook,Cevdet,3,0,0,2,0.6667
2026-08-02,2026-08-08,Cevdet Hoca İnstagram,Cevdet,14,0,0,8,0.5714
2026-08-02,2026-08-08,Cevdet Hoca Metaform,Cevdet,320,4,31,104,0.325
2026-08-02,2026-08-08,Cevdet Hoca WEB Dış Arama,Cevdet,13,0,0,10,0.7692
2026-08-02,2026-08-08,Cevdet Hoca WEB Form,Cevdet,27,0,0,19,0.7037
2026-08-02,2026-08-08,Murat Hoca Facebook,Murat,80,1,4,24,0.3
2026-08-02,2026-08-08,Murat Hoca İnstagram,Murat,357,6,18,131,0.3669
2026-08-02,2026-08-08,Murat Hoca TikTok Dış Arama,Murat,17,0,1,11,0.6471
2026-08-02,2026-08-08,Murat Hoca TikTok WP,Murat,3,0,0,3,1.0
2026-08-02,2026-08-08,Murat Hoca Tiktok Form,Murat,64,0,12,9,0.1406
2026-08-02,2026-08-08,Murat Hoca WEB Dış Arama,Murat,15,0,0,9,0.6
2026-08-02,2026-08-08,Murat WEB Form,Murat,22,0,0,15,0.6818
2026-08-02,2026-08-08,Murat Hoca WEB WP,Murat,4,0,0,3,0.75
2026-08-02,2026-08-08,Murat Hoca Organik WEB Form,Murat,250,2,7,122,0.488
2026-08-02,2026-08-08,Murat Hoca Organik WEB Dış Arama,Murat,117,0,2,77,0.6581
2026-08-02,2026-08-08,Murat Hoca Organik WEB WP,Murat,642,9,51,204,0.3178
2026-08-02,2026-08-08,Murat Hoca İşletme WEB Form,Murat,1,0,1,0,0.0
2026-08-02,2026-08-08,Murat Hoca İşletme WEB Dış Arama,Murat,103,1,4,66,0.6408
2026-08-02,2026-08-08,Murat Hoca İşletme WEB WP,Murat,1,0,0,1,1.0
2026-08-02,2026-08-08,Aycan Hoca Metaform 3,Aycan,1,0,0,1,1.0
2026-08-02,2026-08-08,Hasan Hoca WP,Hasan,249,3,24,80,0.3213
2026-08-02,2026-08-08,Hasan Hoca Dış Arama,Hasan,36,0,0,18,0.5
2026-08-02,2026-08-08,Hasan Hoca Metaform,Hasan,560,3,35,181,0.3232
2026-08-02,2026-08-08,Hasan Hoca İnstagram,Hasan,9,0,0,6,0.6667
2026-08-02,2026-08-08,Hasan Hoca Facebook,Hasan,2,0,0,1,0.5
2026-08-02,2026-08-08,Hasan Hoca WEB Form,Hasan,18,0,1,11,0.6111
2026-08-02,2026-08-08,Hasan Hoca WEB WP,Hasan,3,0,0,3,1.0
2026-08-09,2026-08-15,Murat Hoca WP,Murat,2528,24,242,842,0.3331
2026-08-09,2026-08-15,Murat Hoca Meta Form,Murat,1475,9,114,417,0.2827
2026-08-09,2026-08-15,Murat Hoca Dış Arama,Murat,332,0,15,210,0.6325
2026-08-09,2026-08-15,Aycan Hoca WP,Aycan,94,1,8,32,0.3404
2026-08-09,2026-08-15,Aycan Hoca Dış Arama,Aycan,20,0,0,15,0.75
2026-08-09,2026-08-15,Aycan Hoca Metaform,Aycan,197,3,5,92,0.467
2026-08-09,2026-08-15,Aycan Hoca WEB Dış Arama,Aycan,2,0,0,1,0.5
2026-08-09,2026-08-15,Aycan Hoca WEB Form,Aycan,6,0,0,3,0.5
2026-08-09,2026-08-15,Cevdet Hoca WP,Cevdet,2,0,0,1,0.5
2026-08-09,2026-08-15,Cevdet Hoca Dış Arama,Cevdet,11,0,0,8,0.7273
2026-08-09,2026-08-15,Cevdet Hoca Facebook,Cevdet,2,0,1,0,0.0
2026-08-09,2026-08-15,Cevdet Hoca İnstagram,Cevdet,9,0,0,3,0.3333
2026-08-09,2026-08-15,Cevdet Hoca Metaform,Cevdet,168,0,14,45,0.2679
2026-08-09,2026-08-15,Cevdet Hoca WEB Dış Arama,Cevdet,7,1,1,5,0.7143
2026-08-09,2026-08-15,Cevdet Hoca WEB Form,Cevdet,8,0,1,3,0.375
2026-08-09,2026-08-15,Murat Hoca Facebook,Murat,180,4,24,42,0.2333
2026-08-09,2026-08-15,Murat Hoca İnstagram,Murat,257,4,19,84,0.3268
2026-08-09,2026-08-15,Murat Hoca TikTok Dış Arama,Murat,4,0,0,2,0.5
2026-08-09,2026-08-15,Murat Hoca TikTok WP,Murat,1,0,1,0,0.0
2026-08-09,2026-08-15,Murat Hoca Tiktok Form,Murat,65,0,6,12,0.1846
2026-08-09,2026-08-15,Murat Hoca WEB Dış Arama,Murat,10,0,1,9,0.9
2026-08-09,2026-08-15,Murat WEB Form,Murat,16,0,1,11,0.6875
2026-08-09,2026-08-15,Murat Hoca WEB WP,Murat,17,0,0,13,0.7647
2026-08-09,2026-08-15,Murat Hoca Organik WEB Form,Murat,154,2,10,75,0.487
2026-08-09,2026-08-15,Murat Hoca Organik WEB Dış Arama,Murat,86,0,3,57,0.6628
2026-08-09,2026-08-15,Murat Hoca Organik WEB WP,Murat,455,6,34,146,0.3209
2026-08-09,2026-08-15,Murat Hoca İşletme WEB Dış Arama,Murat,90,1,6,58,0.6444
2026-08-09,2026-08-15,Hasan Hoca WP,Hasan,69,1,4,21,0.3043
2026-08-09,2026-08-15,Hasan Hoca Dış Arama,Hasan,50,0,3,35,0.7
2026-08-09,2026-08-15,Hasan Hoca Metaform,Hasan,936,10,71,258,0.2756
2026-08-09,2026-08-15,Hasan Hoca İnstagram,Hasan,9,0,0,6,0.6667
2026-08-09,2026-08-15,Hasan Hoca Facebook,Hasan,4,0,0,1,0.25
2026-08-09,2026-08-15,Hasan Hoca WEB Form,Hasan,19,2,3,8,0.4211
2026-08-09,2026-08-15,Hasan Hoca WEB WP,Hasan,2,0,0,2,1.0
2026-08-16,2026-08-22,Murat Hoca WP,Murat,3112,51,278,1024,0.329
2026-08-16,2026-08-22,Murat Hoca Meta Form,Murat,1123,23,102,308,0.2743
2026-08-16,2026-08-22,Murat Hoca Dış Arama,Murat,366,8,14,245,0.6694
2026-08-16,2026-08-22,Aycan Hoca WP,Aycan,47,1,3,19,0.4043
2026-08-16,2026-08-22,Aycan Hoca Dış Arama,Aycan,7,0,0,7,1.0
2026-08-16,2026-08-22,Aycan Hoca Metaform,Aycan,28,2,2,18,0.6429
2026-08-16,2026-08-22,Aycan Hoca WEB Dış Arama,Aycan,1,0,0,0,0.0
2026-08-16,2026-08-22,Cevdet Hoca WP,Cevdet,2,0,0,2,1.0
2026-08-16,2026-08-22,Cevdet Hoca Dış Arama,Cevdet,17,0,2,9,0.5294
2026-08-16,2026-08-22,Cevdet Hoca Facebook,Cevdet,1,0,1,0,0.0
2026-08-16,2026-08-22,Cevdet Hoca İnstagram,Cevdet,3,0,1,0,0.0
2026-08-16,2026-08-22,Cevdet Hoca Metaform,Cevdet,238,3,27,81,0.3403
2026-08-16,2026-08-22,Cevdet Hoca WEB Dış Arama,Cevdet,20,0,1,14,0.7
2026-08-16,2026-08-22,Cevdet Hoca WEB Form,Cevdet,15,0,0,8,0.5333
2026-08-16,2026-08-22,Murat Hoca Facebook,Murat,270,1,27,94,0.3481
2026-08-16,2026-08-22,Murat Hoca İnstagram,Murat,443,7,34,156,0.3521
2026-08-16,2026-08-22,Murat Hoca TikTok Dış Arama,Murat,20,0,1,13,0.65
2026-08-16,2026-08-22,Murat Hoca TikTok WP,Murat,2,0,0,2,1.0
2026-08-16,2026-08-22,Murat Hoca Tiktok Form,Murat,2,1,0,0,0.0
2026-08-16,2026-08-22,Murat Hoca WEB Dış Arama,Murat,17,0,1,12,0.7059
2026-08-16,2026-08-22,Murat WEB Form,Murat,15,0,0,11,0.7333
2026-08-16,2026-08-22,Murat Hoca WEB WP,Murat,24,0,2,15,0.625
2026-08-16,2026-08-22,Murat Hoca Organik WEB Form,Murat,145,1,9,82,0.5655
2026-08-16,2026-08-22,Murat Hoca Organik WEB Dış Arama,Murat,85,0,6,53,0.6235
2026-08-16,2026-08-22,Murat Hoca Organik WEB WP,Murat,464,8,29,126,0.2716
2026-08-16,2026-08-22,Murat Hoca İşletme WEB Dış Arama,Murat,99,2,5,64,0.6465
2026-08-16,2026-08-22,Hasan Hoca WP,Hasan,108,1,5,38,0.3519
2026-08-16,2026-08-22,Hasan Hoca Dış Arama,Hasan,49,0,5,29,0.5918
2026-08-16,2026-08-22,Hasan Hoca Metaform,Hasan,659,14,55,175,0.2656
2026-08-16,2026-08-22,Hasan Hoca İnstagram,Hasan,5,0,0,3,0.6
2026-08-16,2026-08-22,Hasan Hoca Facebook,Hasan,10,0,0,4,0.4
2026-08-16,2026-08-22,Hasan Hoca WEB Form,Hasan,35,0,5,18,0.5143
2026-08-23,2026-08-29,Murat Hoca WP,Murat,2224,34,240,670,0.3013
2026-08-23,2026-08-29,Murat Hoca Meta Form,Murat,1483,42,133,387,0.261
2026-08-23,2026-08-29,Murat Hoca Dış Arama,Murat,324,5,27,223,0.6883
2026-08-23,2026-08-29,Aycan Hoca WP,Aycan,217,5,27,42,0.1935
2026-08-23,2026-08-29,Aycan Hoca Dış Arama,Aycan,53,0,3,42,0.7925
2026-08-23,2026-08-29,Aycan Hoca Metaform,Aycan,298,5,24,120,0.4027
2026-08-23,2026-08-29,Aycan Hoca WEB Dış Arama,Aycan,20,0,1,13,0.65
2026-08-23,2026-08-29,Aycan Hoca WEB Form,Aycan,11,0,1,8,0.7273
2026-08-23,2026-08-29,Cevdet Hoca WP,Cevdet,11,0,1,1,0.0909
2026-08-23,2026-08-29,Cevdet Hoca Dış Arama,Cevdet,22,1,1,13,0.5909
2026-08-23,2026-08-29,Cevdet Hoca Facebook,Cevdet,3,0,0,0,0.0
2026-08-23,2026-08-29,Cevdet Hoca İnstagram,Cevdet,5,1,1,1,0.2
2026-08-23,2026-08-29,Cevdet Hoca Metaform,Cevdet,97,1,12,30,0.3093
2026-08-23,2026-08-29,Cevdet Hoca WEB Dış Arama,Cevdet,9,0,0,5,0.5556
2026-08-23,2026-08-29,Cevdet Hoca WEB Form,Cevdet,20,0,1,13,0.65
2026-08-23,2026-08-29,Murat Hoca Facebook,Murat,416,9,34,114,0.274
2026-08-23,2026-08-29,Murat Hoca İnstagram,Murat,157,3,18,68,0.4331
2026-08-23,2026-08-29,Murat Hoca TikTok Dış Arama,Murat,16,0,0,12,0.75
2026-08-23,2026-08-29,Murat Hoca Tiktok Form,Murat,1,0,0,0,0.0
2026-08-23,2026-08-29,Murat Hoca WEB Dış Arama,Murat,14,0,2,8,0.5714
2026-08-23,2026-08-29,Murat WEB Form,Murat,19,0,0,15,0.7895
2026-08-23,2026-08-29,Murat Hoca WEB WP,Murat,24,3,1,10,0.4167
2026-08-23,2026-08-29,Murat Hoca Youtube Form,Murat,1,0,0,1,1.0
2026-08-23,2026-08-29,Murat Hoca Organik WEB Form,Murat,104,0,7,64,0.6154
2026-08-23,2026-08-29,Murat Hoca Organik WEB Dış Arama,Murat,61,1,5,36,0.5902
2026-08-23,2026-08-29,Murat Hoca Organik WEB WP,Murat,339,8,18,106,0.3127
2026-08-23,2026-08-29,Murat Hoca İşletme WEB Dış Arama,Murat,77,3,6,50,0.6494
2026-08-23,2026-08-29,Hasan Hoca WP,Hasan,39,1,3,16,0.4103
2026-08-23,2026-08-29,Hasan Hoca Dış Arama,Hasan,30,0,3,17,0.5667
2026-08-23,2026-08-29,Hasan Hoca Metaform,Hasan,458,14,37,146,0.3188
2026-08-23,2026-08-29,Hasan Hoca WEB Form,Hasan,24,1,1,14,0.5833
2026-08-30,2026-09-05,Murat Hoca WP,Murat,1205,19,124,356,0.2954
2026-08-30,2026-09-05,Murat Hoca Meta Form,Murat,2174,73,187,621,0.2856
2026-08-30,2026-09-05,Murat Hoca Dış Arama,Murat,254,0,12,185,0.7283
2026-08-30,2026-09-05,Aycan Hoca WP,Aycan,390,9,41,67,0.1718
2026-08-30,2026-09-05,Aycan Hoca Dış Arama,Aycan,38,0,2,24,0.6316
2026-08-30,2026-09-05,Aycan Hoca İnstagram,Aycan,1,0,0,0,0.0
2026-08-30,2026-09-05,Aycan Hoca Metaform,Aycan,640,14,36,220,0.3438
2026-08-30,2026-09-05,Aycan Hoca WEB Dış Arama,Aycan,18,0,1,12,0.6667
2026-08-30,2026-09-05,Aycan Hoca WEB Form,Aycan,15,1,0,7,0.4667
2026-08-30,2026-09-05,Aycan Hoca WEB WP,Aycan,30,0,1,14,0.4667
2026-08-30,2026-09-05,Cevdet Hoca WP,Cevdet,1,0,0,0,0.0
2026-08-30,2026-09-05,Cevdet Hoca Dış Arama,Cevdet,26,0,1,19,0.7308
2026-08-30,2026-09-05,Cevdet Hoca Facebook,Cevdet,2,0,1,1,0.5
2026-08-30,2026-09-05,Cevdet Hoca İnstagram,Cevdet,14,1,0,8,0.5714
2026-08-30,2026-09-05,Cevdet Hoca Metaform,Cevdet,483,16,51,161,0.3333
2026-08-30,2026-09-05,Cevdet Hoca WEB Dış Arama,Cevdet,28,0,3,18,0.6429
2026-08-30,2026-09-05,Cevdet Hoca WEB Form,Cevdet,30,0,0,16,0.5333
2026-08-30,2026-09-05,Murat Hoca Facebook,Murat,258,6,19,81,0.314
2026-08-30,2026-09-05,Murat Hoca İnstagram,Murat,99,3,7,49,0.4949
2026-08-30,2026-09-05,Murat Hoca TikTok Dış Arama,Murat,6,0,0,5,0.8333
2026-08-30,2026-09-05,Murat Hoca TikTok WP,Murat,4,0,1,2,0.5
2026-08-30,2026-09-05,Murat Hoca WEB Dış Arama,Murat,17,0,1,12,0.7059
2026-08-30,2026-09-05,Murat WEB Form,Murat,17,0,0,11,0.6471
2026-08-30,2026-09-05,Murat Hoca WEB WP,Murat,18,2,0,9,0.5
2026-08-30,2026-09-05,Murat Hoca Organik WEB Form,Murat,106,1,6,48,0.4528
2026-08-30,2026-09-05,Murat Hoca Organik WEB Dış Arama,Murat,78,0,4,41,0.5256
2026-08-30,2026-09-05,Murat Hoca Organik WEB WP,Murat,372,9,26,119,0.3199
2026-08-30,2026-09-05,Murat Hoca İşletme WEB Dış Arama,Murat,73,1,4,46,0.6301
2026-08-30,2026-09-05,Aycan Hoca Metaform 3,Aycan,1,0,0,1,1.0
2026-08-30,2026-09-05,Hasan Hoca WP,Hasan,16,0,1,6,0.375
2026-08-30,2026-09-05,Hasan Hoca Dış Arama,Hasan,3,0,0,3,1.0
2026-08-30,2026-09-05,Hasan Hoca Metaform,Hasan,24,0,3,19,0.7917
2026-08-30,2026-09-05,Hasan Hoca Facebook,Hasan,2,0,0,2,1.0
2026-08-30,2026-09-05,Hasan Hoca WEB Form,Hasan,7,0,0,5,0.7143
2026-09-06,2026-09-12,Murat Hoca WP,Murat,128,2,7,73,0.5703
2026-09-06,2026-09-12,Murat Hoca Meta Form,Murat,3921,194,335,1097,0.2798
2026-09-06,2026-09-12,Murat Hoca Dış Arama,Murat,288,3,24,185,0.6424
2026-09-06,2026-09-12,Aycan Hoca WP,Aycan,12,0,1,6,0.5
2026-09-06,2026-09-12,Aycan Hoca Dış Arama,Aycan,49,3,2,26,0.5306
2026-09-06,2026-09-12,Aycan Hoca Metaform,Aycan,519,19,20,212,0.4085
2026-09-06,2026-09-12,Aycan Hoca WEB Dış Arama,Aycan,17,0,1,11,0.6471
2026-09-06,2026-09-12,Aycan Hoca WEB Form,Aycan,13,2,0,7,0.5385
2026-09-06,2026-09-12,Aycan Hoca WEB WP,Aycan,10,1,0,7,0.7
2026-09-06,2026-09-12,Cevdet Hoca WP,Cevdet,4,0,0,2,0.5
2026-09-06,2026-09-12,Cevdet Hoca Dış Arama,Cevdet,39,0,1,22,0.5641
2026-09-06,2026-09-12,Cevdet Hoca Facebook,Cevdet,1,0,0,0,0.0
2026-09-06,2026-09-12,Cevdet Hoca İnstagram,Cevdet,8,1,1,2,0.25
2026-09-06,2026-09-12,Cevdet Hoca Metaform,Cevdet,504,21,40,172,0.3413
2026-09-06,2026-09-12,Cevdet Hoca WEB Dış Arama,Cevdet,30,1,1,23,0.7667
2026-09-06,2026-09-12,Cevdet Hoca WEB Form,Cevdet,28,0,2,15,0.5357
2026-09-06,2026-09-12,Murat Hoca Facebook,Murat,166,3,16,55,0.3313
2026-09-06,2026-09-12,Murat Hoca İnstagram,Murat,165,5,11,88,0.5333
2026-09-06,2026-09-12,Murat Hoca TikTok Dış Arama,Murat,1,0,0,1,1.0
2026-09-06,2026-09-12,Murat Hoca TikTok WP,Murat,3,0,0,2,0.6667
2026-09-06,2026-09-12,Murat Hoca Tiktok Form,Murat,1,0,0,1,1.0
2026-09-06,2026-09-12,Murat Hoca WEB Dış Arama,Murat,38,0,3,23,0.6053
2026-09-06,2026-09-12,Murat WEB Form,Murat,20,0,1,14,0.7
2026-09-06,2026-09-12,Murat Hoca WEB WP,Murat,37,1,3,22,0.5946
2026-09-06,2026-09-12,Murat Hoca Organik WEB Form,Murat,234,7,17,121,0.5171
2026-09-06,2026-09-12,Murat Hoca Organik WEB Dış Arama,Murat,108,0,8,74,0.6852
2026-09-06,2026-09-12,Murat Hoca Organik WEB WP,Murat,476,14,32,146,0.3067
2026-09-06,2026-09-12,Murat Hoca İşletme WEB Dış Arama,Murat,57,4,2,40,0.7018
2026-09-06,2026-09-12,Hasan Hoca WP,Hasan,21,0,1,13,0.619
2026-09-06,2026-09-12,Hasan Hoca Dış Arama,Hasan,7,0,2,4,0.5714
2026-09-06,2026-09-12,Hasan Hoca Metaform,Hasan,10,0,1,9,0.9
2026-09-06,2026-09-12,Hasan Hoca WEB Form,Hasan,5,1,0,2,0.4
2026-09-13,2026-09-19,Murat Hoca WP,Murat,547,2,38,153,0.2797
2026-09-13,2026-09-19,Murat Hoca Meta Form,Murat,3874,4,324,974,0.2514
2026-09-13,2026-09-19,Murat Hoca Dış Arama,Murat,202,0,6,141,0.698
2026-09-13,2026-09-19,Aycan Hoca WP,Aycan,16,0,0,6,0.375
2026-09-13,2026-09-19,Aycan Hoca Dış Arama,Aycan,23,0,1,16,0.6957
2026-09-13,2026-09-19,Aycan Hoca Metaform,Aycan,577,4,28,211,0.3657
2026-09-13,2026-09-19,Aycan Hoca WEB Dış Arama,Aycan,19,0,0,8,0.4211
2026-09-13,2026-09-19,Aycan Hoca WEB Form,Aycan,20,0,1,6,0.3
2026-09-13,2026-09-19,Aycan Hoca WEB WP,Aycan,16,0,2,5,0.3125
2026-09-13,2026-09-19,Cevdet Hoca WP,Cevdet,141,4,15,39,0.2766
2026-09-13,2026-09-19,Cevdet Hoca Dış Arama,Cevdet,36,0,0,24,0.6667
2026-09-13,2026-09-19,Cevdet Hoca Facebook,Cevdet,11,1,0,0,0.0
2026-09-13,2026-09-19,Cevdet Hoca İnstagram,Cevdet,31,0,0,9,0.2903
2026-09-13,2026-09-19,Cevdet Hoca Metaform,Cevdet,314,0,17,115,0.3662
2026-09-13,2026-09-19,Cevdet Hoca TikTok,Cevdet,2,0,0,1,0.5
2026-09-13,2026-09-19,Cevdet Hoca WEB Dış Arama,Cevdet,10,0,0,6,0.6
2026-09-13,2026-09-19,Cevdet Hoca WEB Form,Cevdet,33,0,0,16,0.4848
2026-09-13,2026-09-19,Cevdet Hoca WEB WP,Cevdet,13,0,1,5,0.3846
2026-09-13,2026-09-19,Murat Hoca Facebook,Murat,61,0,4,20,0.3279
2026-09-13,2026-09-19,Murat Hoca İnstagram,Murat,117,2,11,41,0.3504
2026-09-13,2026-09-19,Murat Hoca Tiktok Form,Murat,7,0,0,0,0.0
2026-09-13,2026-09-19,Murat Hoca WEB Dış Arama,Murat,30,0,4,14,0.4667
2026-09-13,2026-09-19,Murat WEB Form,Murat,32,0,2,15,0.4688
2026-09-13,2026-09-19,Murat Hoca WEB WP,Murat,35,0,2,17,0.4857
2026-09-13,2026-09-19,Murat Hoca Organik WEB Form,Murat,144,0,3,78,0.5417
2026-09-13,2026-09-19,Murat Hoca Organik WEB Dış Arama,Murat,104,0,5,59,0.5673
2026-09-13,2026-09-19,Murat Hoca Organik WEB WP,Murat,411,0,20,109,0.2652
2026-09-13,2026-09-19,Murat Hoca İşletme WEB Dış Arama,Murat,62,1,5,39,0.629
2026-09-13,2026-09-19,Aycan Hoca Metaform 3,Aycan,1,0,0,1,1.0
2026-09-13,2026-09-19,Hasan Hoca WP,Hasan,38,0,2,17,0.4474
2026-09-13,2026-09-19,Hasan Hoca Dış Arama,Hasan,18,0,1,11,0.6111
2026-09-13,2026-09-19,Hasan Hoca Metaform,Hasan,304,0,18,90,0.2961
2026-09-13,2026-09-19,Hasan Hoca İnstagram,Hasan,3,0,0,0,0.0
2026-09-13,2026-09-19,Hasan Hoca Facebook,Hasan,2,0,0,1,0.5
2026-09-13,2026-09-19,Hasan Hoca WEB Form,Hasan,9,0,0,5,0.5556
2026-09-13,2026-09-19,Hasan Hoca WEB WP,Hasan,1,0,0,0,0.0
2026-09-20,2026-09-26,Murat Hoca WP,Murat,1,0,0,1,1.0
2026-09-20,2026-09-26,Murat Hoca Meta Form,Murat,1247,13,94,282,0.2261
2026-09-20,2026-09-26,Murat Hoca Dış Arama,Murat,2419,43,171,664,0.2745
2026-09-20,2026-09-26,Aycan Hoca WP,Aycan,197,1,11,108,0.5482
2026-09-20,2026-09-26,Aycan Hoca Dış Arama,Aycan,8,0,0,5,0.625
2026-09-20,2026-09-26,Aycan Hoca Facebook,Aycan,15,0,1,9,0.6
2026-09-20,2026-09-26,Aycan Hoca Metaform,Aycan,1,0,0,1,1.0
2026-09-20,2026-09-26,Aycan Hoca WEB Dış Arama,Aycan,320,1,24,118,0.3688
2026-09-20,2026-09-26,Aycan Hoca WEB Form,Aycan,9,0,0,5,0.5556
2026-09-20,2026-09-26,Aycan Hoca WEB WP,Aycan,9,0,0,3,0.3333
2026-09-20,2026-09-26,Cevdet Hoca WP,Cevdet,22,0,2,9,0.4091
2026-09-20,2026-09-26,Cevdet Hoca Dış Arama,Cevdet,495,0,35,101,0.204
2026-09-20,2026-09-26,Cevdet Hoca Facebook,Cevdet,15,0,1,8,0.5333
2026-09-20,2026-09-26,Cevdet Hoca İnstagram,Cevdet,26,0,1,3,0.1154
2026-09-20,2026-09-26,Cevdet Hoca Metaform,Cevdet,29,0,6,4,0.1379
2026-09-20,2026-09-26,Cevdet Hoca WEB Dış Arama,Cevdet,289,1,20,52,0.1799
2026-09-20,2026-09-26,Cevdet Hoca WEB Form,Cevdet,19,0,0,10,0.5263
2026-09-20,2026-09-26,Cevdet Hoca WEB WP,Cevdet,15,0,1,7,0.4667
2026-09-20,2026-09-26,Murat Hoca Facebook,Murat,1,0,1,0,0.0
2026-09-20,2026-09-26,Murat Hoca İnstagram,Murat,284,0,18,57,0.2007
2026-09-20,2026-09-26,Murat Hoca TikTok Dış Arama,Murat,126,1,9,55,0.4365
2026-09-20,2026-09-26,Murat Hoca TikTok WP,Murat,4,0,0,1,0.25
2026-09-20,2026-09-26,Murat Hoca Tiktok Form,Murat,19,0,0,7,0.3684
2026-09-20,2026-09-26,Murat Hoca WEB Dış Arama,Murat,1,0,0,0,0.0
2026-09-20,2026-09-26,Murat WEB Form,Murat,24,0,0,14,0.5833
2026-09-20,2026-09-26,Murat Hoca WEB WP,Murat,13,0,0,6,0.4615
2026-09-20,2026-09-26,Murat Hoca Organik WEB Form,Murat,1,0,0,0,0.0
2026-09-20,2026-09-26,Murat Hoca Organik WEB Dış Arama,Murat,147,0,6,65,0.4422
2026-09-20,2026-09-26,Murat Hoca Organik WEB WP,Murat,79,0,3,46,0.5823
2026-09-20,2026-09-26,Murat Hoca İşletme WEB Dış Arama,Murat,534,6,25,121,0.2266
2026-09-20,2026-09-26,Hasan Hoca WP,Hasan,40,0,2,29,0.725
2026-09-20,2026-09-26,Hasan Hoca Dış Arama,Hasan,14,0,0,6,0.4286
2026-09-20,2026-09-26,Hasan Hoca Metaform,Hasan,15,0,0,7,0.4667
2026-09-20,2026-09-26,Hasan Hoca İnstagram,Hasan,126,1,5,52,0.4127
2026-09-20,2026-09-26,Hasan Hoca WEB Form,Hasan,4,0,0,0,0.0
